timestamp,household_id,appliance,power_kW
2025-06-15T08:55:09.360828,10,Dryer,2.26
2025-06-15T08:56:09.360828,4,HVAC,2.89
2025-06-15T08:57:09.360828,2,Lighting,3.91
2025-06-15T08:58:09.360828,1,Lighting,2.76
2025-06-15T08:59:09.360828,6,Washer,4.96
2025-06-15T09:00:09.360828,1,Washer,3.44
2025-06-15T09:01:09.360828,5,Lighting,4.96
2025-06-15T09:02:09.360828,7,Refrigerator,1.98
2025-06-15T09:03:09.360828,9,Washer,2.88
2025-06-15T09:04:09.360828,4,Washer,0.8
2025-06-15T09:05:09.360828,10,HVAC,3.31
2025-06-15T09:06:09.360828,8,Refrigerator,4.01
2025-06-15T09:07:09.360828,1,Lighting,1.68
2025-06-15T09:08:09.360828,2,Washer,0.8
2025-06-15T09:09:09.360828,8,Washer,3.55
2025-06-15T09:10:09.360828,3,Washer,1.07
2025-06-15T09:11:09.360828,3,Dryer,2.99
2025-06-15T09:12:09.360828,7,Refrigerator,1.47
2025-06-15T09:13:09.360828,2,Dryer,0.62
2025-06-15T09:14:09.360828,3,Dryer,3.38
2025-06-15T09:15:09.360828,4,Dryer,1.04
2025-06-15T09:16:09.360828,8,Lighting,2.23
2025-06-15T09:17:09.360828,3,Dryer,3.63
2025-06-15T09:18:09.360828,1,Dryer,1.84
2025-06-15T09:19:09.360828,5,HVAC,3.4
2025-06-15T09:20:09.360828,2,Refrigerator,2.69
2025-06-15T09:21:09.360828,6,Dryer,2.64
2025-06-15T09:22:09.360828,6,Lighting,1.74
2025-06-15T09:23:09.360828,7,Dryer,1.48
2025-06-15T09:24:09.360828,10,HVAC,3.8
2025-06-15T09:25:09.360828,2,Refrigerator,0.46
2025-06-15T09:26:09.360828,7,Dryer,3.04
2025-06-15T09:27:09.360828,4,Washer,1.3
2025-06-15T09:28:09.360828,4,Dryer,1.88
2025-06-15T09:29:09.360828,2,Lighting,0.54
2025-06-15T09:30:09.360828,7,Dryer,1.25
2025-06-15T09:31:09.360828,8,Washer,2.34
2025-06-15T09:32:09.360828,2,Refrigerator,0.7
2025-06-15T09:33:09.360828,5,HVAC,1.51
2025-06-15T09:34:09.360828,3,Washer,0.69
2025-06-15T09:35:09.360828,5,Refrigerator,0.95
2025-06-15T09:36:09.360828,2,HVAC,3.76
2025-06-15T09:37:09.360828,10,Lighting,2.84
2025-06-15T09:38:09.360828,3,Lighting,4.86
2025-06-15T09:39:09.360828,5,HVAC,3.88
2025-06-15T09:40:09.360828,7,Refrigerator,2.08
2025-06-15T09:41:09.360828,2,Lighting,4.2
2025-06-15T09:42:09.360828,1,Washer,2.47
2025-06-15T09:43:09.360828,2,Lighting,4.53
2025-06-15T09:44:09.360828,6,HVAC,3.47
2025-06-15T09:45:09.360828,1,Refrigerator,1.62
2025-06-15T09:46:09.360828,10,Lighting,2.21
2025-06-15T09:47:09.360828,6,Lighting,3.05
2025-06-15T09:48:09.360828,5,Washer,0.42
2025-06-15T09:49:09.360828,7,HVAC,4.72
2025-06-15T09:50:09.360828,6,Dryer,3.45
2025-06-15T09:51:09.360828,7,HVAC,1.2
2025-06-15T09:52:09.360828,3,Dryer,1.59
2025-06-15T09:53:09.360828,4,Refrigerator,3.02
2025-06-15T09:54:09.360828,7,Lighting,3.74
2025-06-15T09:55:09.360828,1,Washer,1.2
2025-06-15T09:56:09.360828,3,Refrigerator,1.13
2025-06-15T09:57:09.360828,6,Dryer,1.56
2025-06-15T09:58:09.360828,7,HVAC,1.62
2025-06-15T09:59:09.360828,5,Refrigerator,1.38
2025-06-15T10:00:09.360828,2,Lighting,2.61
2025-06-15T10:01:09.360828,1,Refrigerator,1.6
2025-06-15T10:02:09.360828,10,Refrigerator,2.27
2025-06-15T10:03:09.360828,2,Washer,0.16
2025-06-15T10:04:09.360828,1,Washer,0.72
2025-06-15T10:05:09.360828,4,Refrigerator,1.3
2025-06-15T10:06:09.360828,8,Dryer,1.56
2025-06-15T10:07:09.360828,1,Dryer,4.77
2025-06-15T10:08:09.360828,10,HVAC,0.16
2025-06-15T10:09:09.360828,7,Refrigerator,1.71
2025-06-15T10:10:09.360828,7,HVAC,1.18
2025-06-15T10:11:09.360828,9,Lighting,3.67
2025-06-15T10:12:09.360828,10,Washer,3.8
2025-06-15T10:13:09.360828,7,Washer,4.73
2025-06-15T10:14:09.360828,9,Washer,1.85
2025-06-15T10:15:09.360828,10,Lighting,2.9
2025-06-15T10:16:09.360828,6,Refrigerator,0.78
2025-06-15T10:17:09.360828,1,HVAC,4.38
2025-06-15T10:18:09.360828,6,HVAC,3.56
2025-06-15T10:19:09.360828,2,Lighting,4.29
2025-06-15T10:20:09.360828,4,Lighting,4.03
2025-06-15T10:21:09.360828,1,Refrigerator,4.7
2025-06-15T10:22:09.360828,5,Refrigerator,3.63
2025-06-15T10:23:09.360828,3,Refrigerator,4.83
2025-06-15T10:24:09.360828,8,Refrigerator,2.57
2025-06-15T10:25:09.360828,5,HVAC,3.76
2025-06-15T10:26:09.360828,2,Dryer,4.98
2025-06-15T10:27:09.360828,10,Lighting,1.73
2025-06-15T10:28:09.360828,3,Dryer,1.63
2025-06-15T10:29:09.360828,9,Lighting,3.14
2025-06-15T10:30:09.360828,7,HVAC,3.68
2025-06-15T10:31:09.360828,7,Dryer,4.02
2025-06-15T10:32:09.360828,8,Lighting,0.88
2025-06-15T10:33:09.360828,5,Lighting,1.75
2025-06-15T10:34:09.360828,8,Lighting,0.2
2025-06-15T10:35:09.360828,3,Dryer,4.44
2025-06-15T10:36:09.360828,1,Washer,3.26
2025-06-15T10:37:09.360828,10,Refrigerator,1.31
2025-06-15T10:38:09.360828,2,Washer,3.31
2025-06-15T10:39:09.360828,1,Washer,4.33
2025-06-15T10:40:09.360828,9,Refrigerator,0.83
2025-06-15T10:41:09.360828,10,HVAC,4.15
2025-06-15T10:42:09.360828,1,Lighting,1.69
2025-06-15T10:43:09.360828,10,Washer,1.69
2025-06-15T10:44:09.360828,5,HVAC,1.4
2025-06-15T10:45:09.360828,3,HVAC,3.74
2025-06-15T10:46:09.360828,10,Refrigerator,0.9
2025-06-15T10:47:09.360828,5,HVAC,0.2
2025-06-15T10:48:09.360828,3,Dryer,4.02
2025-06-15T10:49:09.360828,10,HVAC,1.54
2025-06-15T10:50:09.360828,10,Dryer,3.45
2025-06-15T10:51:09.360828,1,Washer,3.3
2025-06-15T10:52:09.360828,5,Dryer,4.95
2025-06-15T10:53:09.360828,7,Washer,0.48
2025-06-15T10:54:09.360828,4,Dryer,1.74
2025-06-15T10:55:09.360828,1,Dryer,2.79
2025-06-15T10:56:09.360828,7,Washer,0.45
2025-06-15T10:57:09.360828,8,Dryer,1.73
2025-06-15T10:58:09.360828,5,Refrigerator,4.47
2025-06-15T10:59:09.360828,3,Lighting,2.16
2025-06-15T11:00:09.360828,3,Washer,2.12
2025-06-15T11:01:09.360828,10,Dryer,2.42
2025-06-15T11:02:09.360828,6,Washer,1.37
2025-06-15T11:03:09.360828,9,Lighting,4.01
2025-06-15T11:04:09.360828,8,Refrigerator,0.16
2025-06-15T11:05:09.360828,2,Lighting,1.47
2025-06-15T11:06:09.360828,4,Lighting,0.38
2025-06-15T11:07:09.360828,8,Dryer,2.16
2025-06-15T11:08:09.360828,8,Dryer,2.95
2025-06-15T11:09:09.360828,5,Lighting,3.49
2025-06-15T11:10:09.360828,7,Refrigerator,3.77
2025-06-15T11:11:09.360828,1,Refrigerator,1.07
2025-06-15T11:12:09.360828,8,Refrigerator,3.12
2025-06-15T11:13:09.360828,8,Lighting,1.06
2025-06-15T11:14:09.360828,6,HVAC,1.62
2025-06-15T11:15:09.360828,8,Refrigerator,4.99
2025-06-15T11:16:09.360828,5,Washer,1.84
2025-06-15T11:17:09.360828,4,Refrigerator,0.6
2025-06-15T11:18:09.360828,1,Lighting,3.39
2025-06-15T11:19:09.360828,10,Washer,4.33
2025-06-15T11:20:09.360828,9,Washer,1.45
2025-06-15T11:21:09.360828,5,Dryer,3.35
2025-06-15T11:22:09.360828,2,Washer,1.46
2025-06-15T11:23:09.360828,5,Dryer,3.63
2025-06-15T11:24:09.360828,5,Lighting,4.73
2025-06-15T11:25:09.360828,2,Washer,3.93
2025-06-15T11:26:09.360828,8,Lighting,2.28
2025-06-15T11:27:09.360828,2,Washer,0.65
2025-06-15T11:28:09.360828,3,Washer,4.54
2025-06-15T11:29:09.360828,10,HVAC,3.65
2025-06-15T11:30:09.360828,1,Washer,3.55
2025-06-15T11:31:09.360828,4,Washer,4.82
2025-06-15T11:32:09.360828,8,Refrigerator,4.04
2025-06-15T11:33:09.360828,3,Dryer,1.75
2025-06-15T11:34:09.360828,2,Lighting,1.83
2025-06-15T11:35:09.360828,9,Refrigerator,1.16
2025-06-15T11:36:09.360828,10,Refrigerator,4.79
2025-06-15T11:37:09.360828,8,Dryer,2.26
2025-06-15T11:38:09.360828,6,Refrigerator,4.82
2025-06-15T11:39:09.360828,5,Refrigerator,3.8
2025-06-15T11:40:09.360828,6,Lighting,2.39
2025-06-15T11:41:09.360828,3,HVAC,4.48
2025-06-15T11:42:09.360828,8,Washer,2.92
2025-06-15T11:43:09.360828,9,HVAC,2.16
2025-06-15T11:44:09.360828,2,Dryer,3.24
2025-06-15T11:45:09.360828,2,Refrigerator,0.97
2025-06-15T11:46:09.360828,1,Lighting,2.99
2025-06-15T11:47:09.360828,7,Lighting,3.13
2025-06-15T11:48:09.360828,6,HVAC,4.41
2025-06-15T11:49:09.360828,3,Refrigerator,1.75
2025-06-15T11:50:09.360828,10,Refrigerator,4.34
2025-06-15T11:51:09.360828,10,HVAC,1.33
2025-06-15T11:52:09.360828,1,Dryer,4.56
2025-06-15T11:53:09.360828,6,Lighting,4.75
2025-06-15T11:54:09.360828,5,HVAC,2.42
2025-06-15T11:55:09.360828,4,Lighting,4.54
2025-06-15T11:56:09.360828,4,Dryer,1.97
2025-06-15T11:57:09.360828,4,Dryer,3.53
2025-06-15T11:58:09.360828,5,Lighting,1.59
2025-06-15T11:59:09.360828,1,Dryer,0.17
2025-06-15T12:00:09.360828,2,Refrigerator,1.31
2025-06-15T12:01:09.360828,10,HVAC,0.96
2025-06-15T12:02:09.360828,6,Refrigerator,0.98
2025-06-15T12:03:09.360828,5,HVAC,3.1
2025-06-15T12:04:09.360828,5,HVAC,2.57
2025-06-15T12:05:09.360828,5,Washer,2.76
2025-06-15T12:06:09.360828,9,Dryer,3.85
2025-06-15T12:07:09.360828,2,Refrigerator,4.8
2025-06-15T12:08:09.360828,4,Washer,3.98
2025-06-15T12:09:09.360828,8,Refrigerator,1.22
2025-06-15T12:10:09.360828,6,Lighting,0.89
2025-06-15T12:11:09.360828,1,Dryer,3.47
2025-06-15T12:12:09.360828,10,Washer,4.56
2025-06-15T12:13:09.360828,4,Washer,4.33
2025-06-15T12:14:09.360828,7,Refrigerator,2.81
2025-06-15T12:15:09.360828,9,Washer,1.15
2025-06-15T12:16:09.360828,1,Dryer,1.47
2025-06-15T12:17:09.360828,4,HVAC,1.88
2025-06-15T12:18:09.360828,8,HVAC,4.21
2025-06-15T12:19:09.360828,4,HVAC,0.22
2025-06-15T12:20:09.360828,10,Washer,4.56
2025-06-15T12:21:09.360828,9,Washer,3.08
2025-06-15T12:22:09.360828,5,Dryer,1.82
2025-06-15T12:23:09.360828,2,Refrigerator,2.05
2025-06-15T12:24:09.360828,8,Lighting,3.75
2025-06-15T12:25:09.360828,9,HVAC,4.87
2025-06-15T12:26:09.360828,7,Washer,1.95
2025-06-15T12:27:09.360828,5,HVAC,0.25
2025-06-15T12:28:09.360828,2,Dryer,2.04
2025-06-15T12:29:09.360828,4,Lighting,1.46
2025-06-15T12:30:09.360828,5,Refrigerator,2.51
2025-06-15T12:31:09.360828,3,Washer,3.99
2025-06-15T12:32:09.360828,7,Washer,2.39
2025-06-15T12:33:09.360828,6,Refrigerator,4.46
2025-06-15T12:34:09.360828,3,Dryer,3.09
2025-06-15T12:35:09.360828,7,HVAC,4.58
2025-06-15T12:36:09.360828,6,HVAC,4.78
2025-06-15T12:37:09.360828,5,Dryer,2.2
2025-06-15T12:38:09.360828,5,Dryer,0.78
2025-06-15T12:39:09.360828,1,Dryer,4.23
2025-06-15T12:40:09.360828,4,Refrigerator,3.39
2025-06-15T12:41:09.360828,7,Refrigerator,2.63
2025-06-15T12:42:09.360828,1,Dryer,4.02
2025-06-15T12:43:09.360828,8,Lighting,2.89
2025-06-15T12:44:09.360828,6,Washer,4.61
2025-06-15T12:45:09.360828,7,HVAC,4.01
2025-06-15T12:46:09.360828,6,HVAC,1.12
2025-06-15T12:47:09.360828,3,Washer,3.11
2025-06-15T12:48:09.360828,3,HVAC,2.09
2025-06-15T12:49:09.360828,5,Refrigerator,3.08
2025-06-15T12:50:09.360828,2,Refrigerator,0.27
2025-06-15T12:51:09.360828,3,Dryer,0.61
2025-06-15T12:52:09.360828,8,Dryer,0.76
2025-06-15T12:53:09.360828,1,HVAC,0.91
2025-06-15T12:54:09.360828,5,HVAC,1.47
2025-06-15T12:55:09.360828,10,HVAC,3.69
2025-06-15T12:56:09.360828,2,HVAC,0.44
2025-06-15T12:57:09.360828,2,Dryer,2.69
2025-06-15T12:58:09.360828,9,HVAC,1.48
2025-06-15T12:59:09.360828,1,Dryer,0.89
2025-06-15T13:00:09.360828,5,Lighting,0.47
2025-06-15T13:01:09.360828,5,Washer,2.67
2025-06-15T13:02:09.360828,2,Washer,4.49
2025-06-15T13:03:09.360828,8,Washer,4.58
2025-06-15T13:04:09.360828,2,HVAC,0.71
2025-06-15T13:05:09.360828,4,Lighting,3.7
2025-06-15T13:06:09.360828,3,HVAC,3.93
2025-06-15T13:07:09.360828,1,HVAC,3.24
2025-06-15T13:08:09.360828,1,Dryer,2.17
2025-06-15T13:09:09.360828,3,Dryer,0.19
2025-06-15T13:10:09.360828,2,Lighting,3.13
2025-06-15T13:11:09.360828,8,Refrigerator,1.02
2025-06-15T13:12:09.360828,10,Dryer,2.2
2025-06-15T13:13:09.360828,1,Dryer,1.58
2025-06-15T13:14:09.360828,2,Lighting,2.54
2025-06-15T13:15:09.360828,9,Dryer,2.62
2025-06-15T13:16:09.360828,8,Washer,0.33
2025-06-15T13:17:09.360828,5,HVAC,1.84
2025-06-15T13:18:09.360828,6,Dryer,1.49
2025-06-15T13:19:09.360828,5,Refrigerator,3.21
2025-06-15T13:20:09.360828,6,Refrigerator,0.13
2025-06-15T13:21:09.360828,4,Refrigerator,0.62
2025-06-15T13:22:09.360828,7,Dryer,4.97
2025-06-15T13:23:09.360828,4,Dryer,0.53
2025-06-15T13:24:09.360828,5,Refrigerator,4.78
2025-06-15T13:25:09.360828,3,Lighting,4.43
2025-06-15T13:26:09.360828,7,Refrigerator,3.05
2025-06-15T13:27:09.360828,3,Lighting,1.22
2025-06-15T13:28:09.360828,9,Washer,4.54
2025-06-15T13:29:09.360828,7,Refrigerator,4.68
2025-06-15T13:30:09.360828,9,Washer,2.27
2025-06-15T13:31:09.360828,4,Dryer,1.15
2025-06-15T13:32:09.360828,8,Lighting,0.42
2025-06-15T13:33:09.360828,5,Refrigerator,3.13
2025-06-15T13:34:09.360828,10,Dryer,4.03
2025-06-15T13:35:09.360828,9,Washer,3.94
2025-06-15T13:36:09.360828,9,Washer,3.32
2025-06-15T13:37:09.360828,3,Dryer,3.96
2025-06-15T13:38:09.360828,6,Refrigerator,1.48
2025-06-15T13:39:09.360828,3,Washer,4.89
2025-06-15T13:40:09.360828,1,Washer,3.19
2025-06-15T13:41:09.360828,3,Washer,3.44
2025-06-15T13:42:09.360828,1,Dryer,1.57
2025-06-15T13:43:09.360828,4,Refrigerator,2.48
2025-06-15T13:44:09.360828,2,HVAC,1.98
2025-06-15T13:45:09.360828,3,HVAC,4.18
2025-06-15T13:46:09.360828,1,HVAC,3.61
2025-06-15T13:47:09.360828,2,Washer,0.1
2025-06-15T13:48:09.360828,2,Refrigerator,3.41
2025-06-15T13:49:09.360828,3,Lighting,3.37
2025-06-15T13:50:09.360828,3,Lighting,2.16
2025-06-15T13:51:09.360828,5,Lighting,0.64
2025-06-15T13:52:09.360828,5,HVAC,2.74
2025-06-15T13:53:09.360828,4,HVAC,4.66
2025-06-15T13:54:09.360828,6,Lighting,4.08
2025-06-15T13:55:09.360828,3,Lighting,1.71
2025-06-15T13:56:09.360828,2,Washer,0.18
2025-06-15T13:57:09.360828,10,Washer,4.93
2025-06-15T13:58:09.360828,6,Lighting,4.91
2025-06-15T13:59:09.360828,4,Dryer,1.46
2025-06-15T14:00:09.360828,9,Dryer,2.61
2025-06-15T14:01:09.360828,1,Washer,0.85
2025-06-15T14:02:09.360828,9,Washer,0.84
2025-06-15T14:03:09.360828,2,Refrigerator,3.62
2025-06-15T14:04:09.360828,7,Washer,3.57
2025-06-15T14:05:09.360828,3,Washer,0.41
2025-06-15T14:06:09.360828,2,Refrigerator,4.56
2025-06-15T14:07:09.360828,10,Refrigerator,3.52
2025-06-15T14:08:09.360828,4,Refrigerator,2.77
2025-06-15T14:09:09.360828,5,HVAC,2.94
2025-06-15T14:10:09.360828,4,Dryer,1.04
2025-06-15T14:11:09.360828,4,Washer,3.95
2025-06-15T14:12:09.360828,3,Refrigerator,2.31
2025-06-15T14:13:09.360828,10,HVAC,1.25
2025-06-15T14:14:09.360828,9,Washer,2.91
2025-06-15T14:15:09.360828,10,Washer,4.21
2025-06-15T14:16:09.360828,9,Dryer,1.92
2025-06-15T14:17:09.360828,5,Washer,4.6
2025-06-15T14:18:09.360828,6,Washer,1.5
2025-06-15T14:19:09.360828,8,Lighting,1.03
2025-06-15T14:20:09.360828,6,HVAC,0.56
2025-06-15T14:21:09.360828,3,Refrigerator,4.47
2025-06-15T14:22:09.360828,2,Washer,1.09
2025-06-15T14:23:09.360828,3,Washer,2.12
2025-06-15T14:24:09.360828,2,HVAC,4.96
2025-06-15T14:25:09.360828,1,Washer,4.41
2025-06-15T14:26:09.360828,1,Dryer,3.58
2025-06-15T14:27:09.360828,5,Refrigerator,4
2025-06-15T14:28:09.360828,3,Refrigerator,4.76
2025-06-15T14:29:09.360828,2,Lighting,1.51
2025-06-15T14:30:09.360828,3,Dryer,4.85
2025-06-15T14:31:09.360828,2,Washer,4.31
2025-06-15T14:32:09.360828,6,Dryer,1.1
2025-06-15T14:33:09.360828,10,Refrigerator,3.08
2025-06-15T14:34:09.360828,4,Refrigerator,1.55
2025-06-15T14:35:09.360828,4,Lighting,2.88
2025-06-15T14:36:09.360828,5,Lighting,0.19
2025-06-15T14:37:09.360828,4,Dryer,0.51
2025-06-15T14:38:09.360828,10,HVAC,4.21
2025-06-15T14:39:09.360828,10,Washer,2.27
2025-06-15T14:40:09.360828,2,Lighting,4.48
2025-06-15T14:41:09.360828,6,Refrigerator,4.12
2025-06-15T14:42:09.360828,10,Dryer,4.48
2025-06-15T14:43:09.360828,10,HVAC,2.18
2025-06-15T14:44:09.360828,7,Refrigerator,1.48
2025-06-15T14:45:09.360828,5,Lighting,2.68
2025-06-15T14:46:09.360828,5,Refrigerator,4.88
2025-06-15T14:47:09.360828,3,Lighting,3.09
2025-06-15T14:48:09.360828,4,Dryer,3.54
2025-06-15T14:49:09.360828,6,Lighting,4.64
2025-06-15T14:50:09.360828,3,Refrigerator,4.36
2025-06-15T14:51:09.360828,10,Washer,4.83
2025-06-15T14:52:09.360828,10,Refrigerator,1.98
2025-06-15T14:53:09.360828,9,Lighting,4.56
2025-06-15T14:54:09.360828,4,Dryer,4.54
2025-06-15T14:55:09.360828,10,HVAC,2.19
2025-06-15T14:56:09.360828,9,Washer,3.27
2025-06-15T14:57:09.360828,4,Refrigerator,3.61
2025-06-15T14:58:09.360828,8,Lighting,1.82
2025-06-15T14:59:09.360828,1,Refrigerator,4.16
2025-06-15T15:00:09.360828,9,Dryer,3.82
2025-06-15T15:01:09.360828,10,Refrigerator,3.59
2025-06-15T15:02:09.360828,10,Lighting,1.44
2025-06-15T15:03:09.360828,10,Dryer,4.31
2025-06-15T15:04:09.360828,5,Refrigerator,3.31
2025-06-15T15:05:09.360828,3,HVAC,3.3
2025-06-15T15:06:09.360828,7,Refrigerator,0.12
2025-06-15T15:07:09.360828,8,Refrigerator,4.73
2025-06-15T15:08:09.360828,3,HVAC,2.57
2025-06-15T15:09:09.360828,1,Washer,0.71
2025-06-15T15:10:09.360828,1,Refrigerator,3.33
2025-06-15T15:11:09.360828,4,HVAC,3.24
2025-06-15T15:12:09.360828,5,Lighting,3.78
2025-06-15T15:13:09.360828,9,Lighting,4.54
2025-06-15T15:14:09.360828,8,Washer,2.14
2025-06-15T15:15:09.360828,4,Dryer,1.82
2025-06-15T15:16:09.360828,5,Lighting,1.66
2025-06-15T15:17:09.360828,4,Dryer,2.06
2025-06-15T15:18:09.360828,8,Washer,2.34
2025-06-15T15:19:09.360828,3,Dryer,4.26
2025-06-15T15:20:09.360828,8,Lighting,4.18
2025-06-15T15:21:09.360828,6,Refrigerator,4.55
2025-06-15T15:22:09.360828,1,Dryer,1.48
2025-06-15T15:23:09.360828,4,Lighting,0.64
2025-06-15T15:24:09.360828,10,Lighting,2.97
2025-06-15T15:25:09.360828,9,Lighting,2.46
2025-06-15T15:26:09.360828,4,Refrigerator,0.81
2025-06-15T15:27:09.360828,9,Lighting,1.47
2025-06-15T15:28:09.360828,9,Lighting,3.55
2025-06-15T15:29:09.360828,2,HVAC,3.24
2025-06-15T15:30:09.360828,1,Lighting,3.78
2025-06-15T15:31:09.360828,6,Washer,4.85
2025-06-15T15:32:09.360828,6,Dryer,0.87
2025-06-15T15:33:09.360828,3,HVAC,0.27
2025-06-15T15:34:09.360828,2,Refrigerator,0.38
2025-06-15T15:35:09.360828,3,Refrigerator,1.41
2025-06-15T15:36:09.360828,1,HVAC,4.22
2025-06-15T15:37:09.360828,4,Refrigerator,2.67
2025-06-15T15:38:09.360828,7,Lighting,1.37
2025-06-15T15:39:09.360828,10,Dryer,3.82
2025-06-15T15:40:09.360828,9,Refrigerator,3.78
2025-06-15T15:41:09.360828,1,HVAC,2.92
2025-06-15T15:42:09.360828,3,Washer,3.81
2025-06-15T15:43:09.360828,6,Washer,0.37
2025-06-15T15:44:09.360828,4,Washer,4.81
2025-06-15T15:45:09.360828,5,HVAC,2.75
2025-06-15T15:46:09.360828,3,Washer,3.19
2025-06-15T15:47:09.360828,2,Refrigerator,2
2025-06-15T15:48:09.360828,8,Washer,0.82
2025-06-15T15:49:09.360828,4,HVAC,1.28
2025-06-15T15:50:09.360828,4,Refrigerator,1.17
2025-06-15T15:51:09.360828,8,Dryer,1.22
2025-06-15T15:52:09.360828,1,HVAC,0.39
2025-06-15T15:53:09.360828,1,Dryer,0.54
2025-06-15T15:54:09.360828,5,Refrigerator,2.02
2025-06-15T15:55:09.360828,6,Dryer,0.65
2025-06-15T15:56:09.360828,3,HVAC,4.54
2025-06-15T15:57:09.360828,2,Lighting,4.56
2025-06-15T15:58:09.360828,5,Washer,2.86
2025-06-15T15:59:09.360828,3,Lighting,0.94
2025-06-15T16:00:09.360828,1,Dryer,3.78
2025-06-15T16:01:09.360828,2,Washer,0.14
2025-06-15T16:02:09.360828,4,Lighting,4.78
2025-06-15T16:03:09.360828,7,Refrigerator,2.42
2025-06-15T16:04:09.360828,3,Lighting,0.9
2025-06-15T16:05:09.360828,5,HVAC,0.14
2025-06-15T16:06:09.360828,2,Washer,0.5
2025-06-15T16:07:09.360828,5,Washer,2.38
2025-06-15T16:08:09.360828,8,Dryer,1.19
2025-06-15T16:09:09.360828,1,Refrigerator,2.55
2025-06-15T16:10:09.360828,2,Dryer,2.61
2025-06-15T16:11:09.360828,3,Lighting,1.37
2025-06-15T16:12:09.360828,5,Washer,1.4
2025-06-15T16:13:09.360828,4,HVAC,1.29
2025-06-15T16:14:09.360828,3,Refrigerator,4.26
2025-06-15T16:15:09.360828,6,HVAC,4.41
2025-06-15T16:16:09.360828,10,Lighting,2.35
2025-06-15T16:17:09.360828,1,Lighting,0.74
2025-06-15T16:18:09.360828,7,Refrigerator,0.7
2025-06-15T16:19:09.360828,7,Washer,2.06
2025-06-15T16:20:09.360828,4,Lighting,2.48
2025-06-15T16:21:09.360828,5,HVAC,4.01
2025-06-15T16:22:09.360828,10,Lighting,4.48
2025-06-15T16:23:09.360828,6,Refrigerator,2.79
2025-06-15T16:24:09.360828,8,Dryer,1.29
2025-06-15T16:25:09.360828,8,HVAC,4.06
2025-06-15T16:26:09.360828,6,Refrigerator,4.72
2025-06-15T16:27:09.360828,6,Washer,3.62
2025-06-15T16:28:09.360828,4,HVAC,3.5
2025-06-15T16:29:09.360828,5,HVAC,3.97
2025-06-15T16:30:09.360828,2,Lighting,0.46
2025-06-15T16:31:09.360828,9,Dryer,1.84
2025-06-15T16:32:09.360828,6,Dryer,4.21
2025-06-15T16:33:09.360828,7,Dryer,3.38
2025-06-15T16:34:09.360828,7,Lighting,3.46
2025-06-15T16:35:09.360828,4,Dryer,3.77
2025-06-15T16:36:09.360828,10,Washer,3.72
2025-06-15T16:37:09.360828,1,Washer,4.02
2025-06-15T16:38:09.360828,1,Refrigerator,4.99
2025-06-15T16:39:09.360828,1,Lighting,2.19
2025-06-15T16:40:09.360828,8,HVAC,0.7
2025-06-15T16:41:09.360828,2,Refrigerator,2.83
2025-06-15T16:42:09.360828,6,Dryer,1.42
2025-06-15T16:43:09.360828,4,HVAC,1.91
2025-06-15T16:44:09.360828,1,Dryer,0.55
2025-06-15T16:45:09.360828,10,Washer,3.17
2025-06-15T16:46:09.360828,6,Dryer,3.88
2025-06-15T16:47:09.360828,10,HVAC,3.25
2025-06-15T16:48:09.360828,7,Refrigerator,4.3
2025-06-15T16:49:09.360828,3,Lighting,2.24
2025-06-15T16:50:09.360828,3,Refrigerator,2.98
2025-06-15T16:51:09.360828,5,Refrigerator,1.7
2025-06-15T16:52:09.360828,1,Washer,3.52
2025-06-15T16:53:09.360828,4,Washer,2.19
2025-06-15T16:54:09.360828,3,Refrigerator,1.37
2025-06-15T16:55:09.360828,7,Washer,3.65
2025-06-15T16:56:09.360828,3,Lighting,0.69
2025-06-15T16:57:09.360828,4,Washer,2.45
2025-06-15T16:58:09.360828,10,Refrigerator,4.05
2025-06-15T16:59:09.360828,10,HVAC,3.36
2025-06-15T17:00:09.360828,8,Lighting,1.12
2025-06-15T17:01:09.360828,2,HVAC,1.68
2025-06-15T17:02:09.360828,10,Dryer,0.5
2025-06-15T17:03:09.360828,10,Lighting,2.68
2025-06-15T17:04:09.360828,9,HVAC,1.68
2025-06-15T17:05:09.360828,5,HVAC,1.6
2025-06-15T17:06:09.360828,8,Dryer,4.61
2025-06-15T17:07:09.360828,3,Lighting,3.41
2025-06-15T17:08:09.360828,1,Refrigerator,3.44
2025-06-15T17:09:09.360828,9,HVAC,0.66
2025-06-15T17:10:09.360828,8,Lighting,1.38
2025-06-15T17:11:09.360828,8,Refrigerator,2.35
2025-06-15T17:12:09.360828,2,Washer,4.88
2025-06-15T17:13:09.360828,8,Lighting,4.31
2025-06-15T17:14:09.360828,7,Lighting,4.26
2025-06-15T17:15:09.360828,6,HVAC,4.72
2025-06-15T17:16:09.360828,9,HVAC,2.21
2025-06-15T17:17:09.360828,3,Washer,3.04
2025-06-15T17:18:09.360828,7,Washer,4.06
2025-06-15T17:19:09.360828,10,Dryer,0.91
2025-06-15T17:20:09.360828,5,Dryer,4.58
2025-06-15T17:21:09.360828,4,Dryer,1.74
2025-06-15T17:22:09.360828,10,Washer,0.6
2025-06-15T17:23:09.360828,3,Dryer,2.67
2025-06-15T17:24:09.360828,5,Lighting,4.93
2025-06-15T17:25:09.360828,6,Lighting,1.04
2025-06-15T17:26:09.360828,8,HVAC,2.47
2025-06-15T17:27:09.360828,4,HVAC,4.5
2025-06-15T17:28:09.360828,9,HVAC,3.04
2025-06-15T17:29:09.360828,4,Refrigerator,2.17
2025-06-15T17:30:09.360828,1,Washer,3.1
2025-06-15T17:31:09.360828,1,Dryer,4
2025-06-15T17:32:09.360828,1,Dryer,3.33
2025-06-15T17:33:09.360828,9,HVAC,2.06
2025-06-15T17:34:09.360828,4,Refrigerator,1.16
2025-06-15T17:35:09.360828,1,HVAC,4.54
2025-06-15T17:36:09.360828,6,Dryer,4.68
2025-06-15T17:37:09.360828,1,Dryer,4.07
2025-06-15T17:38:09.360828,5,Lighting,0.6
2025-06-15T17:39:09.360828,9,Lighting,0.31
2025-06-15T17:40:09.360828,9,Dryer,0.94
2025-06-15T17:41:09.360828,1,Lighting,0.65
2025-06-15T17:42:09.360828,8,Dryer,2.2
2025-06-15T17:43:09.360828,8,HVAC,1.1
2025-06-15T17:44:09.360828,9,Lighting,0.4
2025-06-15T17:45:09.360828,7,Dryer,3.31
2025-06-15T17:46:09.360828,10,HVAC,1.98
2025-06-15T17:47:09.360828,5,Refrigerator,4.6
2025-06-15T17:48:09.360828,6,HVAC,2.25
2025-06-15T17:49:09.360828,7,Lighting,4.93
2025-06-15T17:50:09.360828,5,Refrigerator,2.8
2025-06-15T17:51:09.360828,9,Dryer,2.21
2025-06-15T17:52:09.360828,7,HVAC,2.72
2025-06-15T17:53:09.360828,4,Refrigerator,2.54
2025-06-15T17:54:09.360828,7,Dryer,3.76
2025-06-15T17:55:09.360828,8,Dryer,1.32
2025-06-15T17:56:09.360828,4,Refrigerator,2.29
2025-06-15T17:57:09.360828,4,Dryer,3.79
2025-06-15T17:58:09.360828,4,Lighting,3.78
2025-06-15T17:59:09.360828,1,HVAC,2.64
2025-06-15T18:00:09.360828,2,Refrigerator,1.27
2025-06-15T18:01:09.360828,5,Refrigerator,0.82
2025-06-15T18:02:09.360828,5,Dryer,2.3
2025-06-15T18:03:09.360828,4,Lighting,3.92
2025-06-15T18:04:09.360828,3,Refrigerator,2.15
2025-06-15T18:05:09.360828,5,Washer,4.64
2025-06-15T18:06:09.360828,5,HVAC,4.73
2025-06-15T18:07:09.360828,9,Washer,1.26
2025-06-15T18:08:09.360828,3,Lighting,1.5
2025-06-15T18:09:09.360828,1,Washer,3.32
2025-06-15T18:10:09.360828,5,HVAC,4.02
2025-06-15T18:11:09.360828,4,Dryer,3.22
2025-06-15T18:12:09.360828,8,HVAC,0.55
2025-06-15T18:13:09.360828,4,HVAC,2.15
2025-06-15T18:14:09.360828,9,Washer,1.97
2025-06-15T18:15:09.360828,8,Lighting,4.27
2025-06-15T18:16:09.360828,8,HVAC,3.18
2025-06-15T18:17:09.360828,1,Dryer,2.68
2025-06-15T18:18:09.360828,3,Washer,0.51
2025-06-15T18:19:09.360828,4,Refrigerator,2.5
2025-06-15T18:20:09.360828,7,Washer,2.02
2025-06-15T18:21:09.360828,2,Dryer,0.63
2025-06-15T18:22:09.360828,1,Lighting,1.62
2025-06-15T18:23:09.360828,2,Dryer,2.73
2025-06-15T18:24:09.360828,5,Washer,3.57
2025-06-15T18:25:09.360828,1,Refrigerator,4.38
2025-06-15T18:26:09.360828,4,Washer,2.74
2025-06-15T18:27:09.360828,8,Dryer,2.27
2025-06-15T18:28:09.360828,2,Refrigerator,2.04
2025-06-15T18:29:09.360828,3,Lighting,0.46
2025-06-15T18:30:09.360828,5,HVAC,3.11
2025-06-15T18:31:09.360828,2,Dryer,2.8
2025-06-15T18:32:09.360828,10,Dryer,0.88
2025-06-15T18:33:09.360828,4,Refrigerator,4.37
2025-06-15T18:34:09.360828,8,Lighting,2.12
2025-06-15T18:35:09.360828,2,Refrigerator,3.34
2025-06-15T18:36:09.360828,8,Washer,3.64
2025-06-15T18:37:09.360828,10,Washer,3.2
2025-06-15T18:38:09.360828,9,Dryer,3.06
2025-06-15T18:39:09.360828,4,Lighting,2.27
2025-06-15T18:40:09.360828,3,Dryer,0.43
2025-06-15T18:41:09.360828,5,Refrigerator,4.51
2025-06-15T18:42:09.360828,7,Refrigerator,1.29
2025-06-15T18:43:09.360828,10,Lighting,2.35
2025-06-15T18:44:09.360828,5,Washer,2.7
2025-06-15T18:45:09.360828,7,HVAC,2.13
2025-06-15T18:46:09.360828,6,Lighting,4.4
2025-06-15T18:47:09.360828,10,Refrigerator,4.98
2025-06-15T18:48:09.360828,4,Washer,4.91
2025-06-15T18:49:09.360828,1,Washer,2.75
2025-06-15T18:50:09.360828,1,Dryer,0.55
2025-06-15T18:51:09.360828,2,Washer,1.33
2025-06-15T18:52:09.360828,9,HVAC,2.32
2025-06-15T18:53:09.360828,10,Refrigerator,4.93
2025-06-15T18:54:09.360828,7,Lighting,2.02
2025-06-15T18:55:09.360828,6,HVAC,3.01
2025-06-15T18:56:09.360828,5,HVAC,3.63
2025-06-15T18:57:09.360828,7,Lighting,3.37
2025-06-15T18:58:09.360828,2,Dryer,0.66
2025-06-15T18:59:09.360828,2,Lighting,1.21
2025-06-15T19:00:09.360828,8,Dryer,0.76
2025-06-15T19:01:09.360828,7,Washer,0.77
2025-06-15T19:02:09.360828,7,Refrigerator,2.77
2025-06-15T19:03:09.360828,7,Lighting,4.73
2025-06-15T19:04:09.360828,10,Washer,1.02
2025-06-15T19:05:09.360828,8,Refrigerator,3.78
2025-06-15T19:06:09.360828,9,Lighting,1.66
2025-06-15T19:07:09.360828,7,Washer,1.05
2025-06-15T19:08:09.360828,7,Refrigerator,2.43
2025-06-15T19:09:09.360828,2,Dryer,0.4
2025-06-15T19:10:09.360828,4,Washer,3.25
2025-06-15T19:11:09.360828,10,Washer,0.63
2025-06-15T19:12:09.360828,6,Refrigerator,4.74
2025-06-15T19:13:09.360828,10,Dryer,3.17
2025-06-15T19:14:09.360828,7,Washer,4.2
2025-06-15T19:15:09.360828,4,Refrigerator,3.55
2025-06-15T19:16:09.360828,10,Dryer,2.77
2025-06-15T19:17:09.360828,5,HVAC,3.69
2025-06-15T19:18:09.360828,5,Lighting,0.6
2025-06-15T19:19:09.360828,10,Dryer,4.24
2025-06-15T19:20:09.360828,7,Refrigerator,3.4
2025-06-15T19:21:09.360828,3,Dryer,1.13
2025-06-15T19:22:09.360828,10,Refrigerator,0.61
2025-06-15T19:23:09.360828,5,Lighting,4.32
2025-06-15T19:24:09.360828,8,HVAC,3.56
2025-06-15T19:25:09.360828,3,Washer,0.39
2025-06-15T19:26:09.360828,1,Lighting,1.55
2025-06-15T19:27:09.360828,4,HVAC,1.3
2025-06-15T19:28:09.360828,7,Refrigerator,1.42
2025-06-15T19:29:09.360828,5,Dryer,0.65
2025-06-15T19:30:09.360828,10,Lighting,0.65
2025-06-15T19:31:09.360828,6,Washer,3.01
2025-06-15T19:32:09.360828,3,Refrigerator,4.75
2025-06-15T19:33:09.360828,8,Refrigerator,3.36
2025-06-15T19:34:09.360828,6,Dryer,4.63
2025-06-15T19:35:09.360828,9,Refrigerator,0.12
2025-06-15T19:36:09.360828,6,Washer,3.04
2025-06-15T19:37:09.360828,2,Lighting,1.58
2025-06-15T19:38:09.360828,1,Refrigerator,1.48
2025-06-15T19:39:09.360828,5,Washer,0.52
2025-06-15T19:40:09.360828,10,Washer,2.5
2025-06-15T19:41:09.360828,7,Lighting,4.7
2025-06-15T19:42:09.360828,10,HVAC,0.78
2025-06-15T19:43:09.360828,10,Refrigerator,0.21
2025-06-15T19:44:09.360828,9,Lighting,1.38
2025-06-15T19:45:09.360828,3,Refrigerator,2.07
2025-06-15T19:46:09.360828,10,Lighting,0.96
2025-06-15T19:47:09.360828,2,Dryer,4.69
2025-06-15T19:48:09.360828,5,HVAC,0.36
2025-06-15T19:49:09.360828,9,HVAC,4.66
2025-06-15T19:50:09.360828,7,Lighting,3.38
2025-06-15T19:51:09.360828,8,HVAC,0.86
2025-06-15T19:52:09.360828,1,Refrigerator,0.16
2025-06-15T19:53:09.360828,6,Lighting,0.67
2025-06-15T19:54:09.360828,6,Lighting,3.74
2025-06-15T19:55:09.360828,8,Lighting,2.91
2025-06-15T19:56:09.360828,7,Dryer,1.04
2025-06-15T19:57:09.360828,7,Washer,0.23
2025-06-15T19:58:09.360828,8,HVAC,1.54
2025-06-15T19:59:09.360828,10,Washer,3.78
2025-06-15T20:00:09.360828,3,Lighting,0.45
2025-06-15T20:01:09.360828,10,Lighting,1.36
2025-06-15T20:02:09.360828,7,Refrigerator,1.88
2025-06-15T20:03:09.360828,8,Dryer,3.21
2025-06-15T20:04:09.360828,9,Lighting,4.76
2025-06-15T20:05:09.360828,7,Washer,1.93
2025-06-15T20:06:09.360828,4,Refrigerator,1.23
2025-06-15T20:07:09.360828,8,Dryer,4.14
2025-06-15T20:08:09.360828,4,Refrigerator,0.81
2025-06-15T20:09:09.360828,8,Refrigerator,3.52
2025-06-15T20:10:09.360828,4,Dryer,3.95
2025-06-15T20:11:09.360828,2,Washer,3.01
2025-06-15T20:12:09.360828,4,Lighting,1.5
2025-06-15T20:13:09.360828,9,Dryer,1.85
2025-06-15T20:14:09.360828,1,Refrigerator,2.52
2025-06-15T20:15:09.360828,7,Washer,3.37
2025-06-15T20:16:09.360828,6,Washer,3.33
2025-06-15T20:17:09.360828,6,Refrigerator,1.02
2025-06-15T20:18:09.360828,9,HVAC,1.95
2025-06-15T20:19:09.360828,9,Washer,4.17
2025-06-15T20:20:09.360828,2,Washer,0.8
2025-06-15T20:21:09.360828,3,HVAC,2.13
2025-06-15T20:22:09.360828,3,Lighting,0.36
2025-06-15T20:23:09.360828,2,Dryer,3.42
2025-06-15T20:24:09.360828,7,HVAC,4.13
2025-06-15T20:25:09.360828,2,HVAC,3.77
2025-06-15T20:26:09.360828,8,HVAC,0.28
2025-06-15T20:27:09.360828,3,Dryer,4.78
2025-06-15T20:28:09.360828,6,Dryer,1.75
2025-06-15T20:29:09.360828,7,Refrigerator,0.29
2025-06-15T20:30:09.360828,3,Refrigerator,0.84
2025-06-15T20:31:09.360828,9,Washer,4.23
2025-06-15T20:32:09.360828,4,Dryer,0.24
2025-06-15T20:33:09.360828,1,Dryer,1.73
2025-06-15T20:34:09.360828,8,Washer,3.17
2025-06-15T20:35:09.360828,1,Refrigerator,4.2
2025-06-15T20:36:09.360828,2,HVAC,4.1
2025-06-15T20:37:09.360828,7,HVAC,2.03
2025-06-15T20:38:09.360828,7,HVAC,3.06
2025-06-15T20:39:09.360828,8,Lighting,2.22
2025-06-15T20:40:09.360828,3,Washer,4.12
2025-06-15T20:41:09.360828,9,Dryer,3.14
2025-06-15T20:42:09.360828,3,Washer,0.28
2025-06-15T20:43:09.360828,10,Washer,0.4
2025-06-15T20:44:09.360828,3,Lighting,3.55
2025-06-15T20:45:09.360828,7,Refrigerator,3.13
2025-06-15T20:46:09.360828,4,HVAC,1.77
2025-06-15T20:47:09.360828,5,Refrigerator,4.04
2025-06-15T20:48:09.360828,3,HVAC,0.84
2025-06-15T20:49:09.360828,5,Lighting,1.79
2025-06-15T20:50:09.360828,1,Washer,1.42
2025-06-15T20:51:09.360828,4,Washer,2.07
2025-06-15T20:52:09.360828,8,Lighting,2.1
2025-06-15T20:53:09.360828,3,Refrigerator,0.72
2025-06-15T20:54:09.360828,9,Dryer,0.12
2025-06-15T20:55:09.360828,10,Washer,1.28
2025-06-15T20:56:09.360828,5,Refrigerator,3.24
2025-06-15T20:57:09.360828,3,Dryer,1.8
2025-06-15T20:58:09.360828,10,Washer,2.22
2025-06-15T20:59:09.360828,1,Lighting,0.94
2025-06-15T21:00:09.360828,6,Dryer,1.17
2025-06-15T21:01:09.360828,5,Lighting,1.98
2025-06-15T21:02:09.360828,3,HVAC,3.18
2025-06-15T21:03:09.360828,6,Dryer,3.54
2025-06-15T21:04:09.360828,2,Lighting,1.54
2025-06-15T21:05:09.360828,8,HVAC,4.01
2025-06-15T21:06:09.360828,6,HVAC,4.69
2025-06-15T21:07:09.360828,6,Lighting,0.72
2025-06-15T21:08:09.360828,2,Dryer,3.05
2025-06-15T21:09:09.360828,7,HVAC,3.05
2025-06-15T21:10:09.360828,6,Lighting,1.22
2025-06-15T21:11:09.360828,9,HVAC,1.21
2025-06-15T21:12:09.360828,2,HVAC,2.87
2025-06-15T21:13:09.360828,5,Lighting,4.83
2025-06-15T21:14:09.360828,7,Washer,4.26
2025-06-15T21:15:09.360828,5,HVAC,1.87
2025-06-15T21:16:09.360828,2,HVAC,1.79
2025-06-15T21:17:09.360828,7,Refrigerator,4
2025-06-15T21:18:09.360828,5,HVAC,2.78
2025-06-15T21:19:09.360828,7,HVAC,1.59
2025-06-15T21:20:09.360828,4,Lighting,3.67
2025-06-15T21:21:09.360828,6,Washer,0.54
2025-06-15T21:22:09.360828,10,Dryer,1.02
2025-06-15T21:23:09.360828,9,Washer,0.22
2025-06-15T21:24:09.360828,2,Refrigerator,1.2
2025-06-15T21:25:09.360828,1,Refrigerator,1.36
2025-06-15T21:26:09.360828,8,Dryer,2.38
2025-06-15T21:27:09.360828,9,Dryer,1.81
2025-06-15T21:28:09.360828,7,Lighting,2.64
2025-06-15T21:29:09.360828,6,Refrigerator,3.39
2025-06-15T21:30:09.360828,7,HVAC,2.7
2025-06-15T21:31:09.360828,2,Refrigerator,1.4
2025-06-15T21:32:09.360828,10,HVAC,1.45
2025-06-15T21:33:09.360828,10,Dryer,0.8
2025-06-15T21:34:09.360828,7,Refrigerator,0.48
2025-06-15T21:35:09.360828,9,Washer,1.02
2025-06-15T21:36:09.360828,5,Washer,3.83
2025-06-15T21:37:09.360828,5,HVAC,0.93
2025-06-15T21:38:09.360828,8,Dryer,2.03
2025-06-15T21:39:09.360828,7,Refrigerator,2.37
2025-06-15T21:40:09.360828,2,Dryer,4.61
2025-06-15T21:41:09.360828,1,Dryer,1.29
2025-06-15T21:42:09.360828,3,HVAC,2.54
2025-06-15T21:43:09.360828,7,Dryer,1.31
2025-06-15T21:44:09.360828,7,Lighting,2.57
2025-06-15T21:45:09.360828,7,Dryer,4.66
2025-06-15T21:46:09.360828,5,Washer,0.3
2025-06-15T21:47:09.360828,6,Lighting,2.32
2025-06-15T21:48:09.360828,2,Washer,3.96
2025-06-15T21:49:09.360828,4,HVAC,0.81
2025-06-15T21:50:09.360828,3,HVAC,4.07
2025-06-15T21:51:09.360828,6,Washer,0.44
2025-06-15T21:52:09.360828,7,Washer,0.69
2025-06-15T21:53:09.360828,8,Washer,2.16
2025-06-15T21:54:09.360828,7,Lighting,2.3
2025-06-15T21:55:09.360828,2,Refrigerator,1.08
2025-06-15T21:56:09.360828,9,Washer,1.52
2025-06-15T21:57:09.360828,10,Dryer,3.68
2025-06-15T21:58:09.360828,5,Washer,3.29
2025-06-15T21:59:09.360828,4,HVAC,3.24
2025-06-15T22:00:09.360828,5,Dryer,0.56
2025-06-15T22:01:09.360828,9,Dryer,3.4
2025-06-15T22:02:09.360828,3,Lighting,0.15
2025-06-15T22:03:09.360828,3,Lighting,2.93
2025-06-15T22:04:09.360828,2,Refrigerator,1.08
2025-06-15T22:05:09.360828,2,Washer,1.95
2025-06-15T22:06:09.360828,9,Lighting,4.28
2025-06-15T22:07:09.360828,9,Refrigerator,3.06
2025-06-15T22:08:09.360828,4,Lighting,0.45
2025-06-15T22:09:09.360828,1,Dryer,3.65
2025-06-15T22:10:09.360828,7,Dryer,4.84
2025-06-15T22:11:09.360828,10,Lighting,3.66
2025-06-15T22:12:09.360828,3,Dryer,3.59
2025-06-15T22:13:09.360828,9,HVAC,4.14
2025-06-15T22:14:09.360828,2,Lighting,2.31
2025-06-15T22:15:09.360828,3,Refrigerator,0.33
2025-06-15T22:16:09.360828,2,Washer,0.63
2025-06-15T22:17:09.360828,2,Lighting,1.92
2025-06-15T22:18:09.360828,3,Refrigerator,2.32
2025-06-15T22:19:09.360828,4,Dryer,3.77
2025-06-15T22:20:09.360828,2,Lighting,0.75
2025-06-15T22:21:09.360828,8,Washer,4.61
2025-06-15T22:22:09.360828,2,Refrigerator,3.65
2025-06-15T22:23:09.360828,8,Dryer,3.12
2025-06-15T22:24:09.360828,3,HVAC,4.7
2025-06-15T22:25:09.360828,1,Refrigerator,1.72
2025-06-15T22:26:09.360828,8,HVAC,3.21
2025-06-15T22:27:09.360828,7,Dryer,3.15
2025-06-15T22:28:09.360828,8,Refrigerator,0.83
2025-06-15T22:29:09.360828,6,Washer,2.84
2025-06-15T22:30:09.360828,5,HVAC,2.2
2025-06-15T22:31:09.360828,5,Washer,2.31
2025-06-15T22:32:09.360828,4,HVAC,3.2
2025-06-15T22:33:09.360828,4,Lighting,2.68
2025-06-15T22:34:09.360828,6,Lighting,0.35
2025-06-15T22:35:09.360828,3,Refrigerator,3.8
2025-06-15T22:36:09.360828,2,Refrigerator,3.86
2025-06-15T22:37:09.360828,7,Dryer,1.58
2025-06-15T22:38:09.360828,1,Washer,4.86
2025-06-15T22:39:09.360828,5,Washer,3.31
2025-06-15T22:40:09.360828,2,HVAC,2.72
2025-06-15T22:41:09.360828,4,Washer,3.82
2025-06-15T22:42:09.360828,3,Lighting,3.29
2025-06-15T22:43:09.360828,6,Refrigerator,0.48
2025-06-15T22:44:09.360828,3,Lighting,0.11
2025-06-15T22:45:09.360828,6,HVAC,1.29
2025-06-15T22:46:09.360828,4,Refrigerator,0.38
2025-06-15T22:47:09.360828,5,Lighting,3.68
2025-06-15T22:48:09.360828,8,Washer,1.2
2025-06-15T22:49:09.360828,4,Dryer,3.81
2025-06-15T22:50:09.360828,6,HVAC,1.2
2025-06-15T22:51:09.360828,1,Dryer,1.87
2025-06-15T22:52:09.360828,10,Dryer,1.33
2025-06-15T22:53:09.360828,8,Lighting,3.97
2025-06-15T22:54:09.360828,9,Refrigerator,3.87
2025-06-15T22:55:09.360828,3,HVAC,3.7
2025-06-15T22:56:09.360828,5,Refrigerator,2.71
2025-06-15T22:57:09.360828,1,HVAC,2.03
2025-06-15T22:58:09.360828,6,Dryer,4.94
2025-06-15T22:59:09.360828,4,Refrigerator,4.76
2025-06-15T23:00:09.360828,6,Dryer,3.24
2025-06-15T23:01:09.360828,3,Lighting,0.1
2025-06-15T23:02:09.360828,5,Washer,2.6
2025-06-15T23:03:09.360828,3,HVAC,0.72
2025-06-15T23:04:09.360828,6,HVAC,1.9
2025-06-15T23:05:09.360828,10,HVAC,2.7
2025-06-15T23:06:09.360828,1,HVAC,3.48
2025-06-15T23:07:09.360828,9,Lighting,1.82
2025-06-15T23:08:09.360828,10,Washer,0.21
2025-06-15T23:09:09.360828,9,HVAC,0.95
2025-06-15T23:10:09.360828,6,Dryer,3.03
2025-06-15T23:11:09.360828,7,Dryer,3.38
2025-06-15T23:12:09.360828,6,HVAC,4.08
2025-06-15T23:13:09.360828,7,Washer,4.4
2025-06-15T23:14:09.360828,9,Washer,3.26
2025-06-15T23:15:09.360828,8,Dryer,1.48
2025-06-15T23:16:09.360828,4,Lighting,1.64
2025-06-15T23:17:09.360828,10,Washer,0.53
2025-06-15T23:18:09.360828,7,Dryer,1.05
2025-06-15T23:19:09.360828,10,HVAC,0.61
2025-06-15T23:20:09.360828,2,Dryer,4.68
2025-06-15T23:21:09.360828,9,Washer,1.79
2025-06-15T23:22:09.360828,9,HVAC,0.65
2025-06-15T23:23:09.360828,6,Refrigerator,3.27
2025-06-15T23:24:09.360828,9,Refrigerator,2.55
2025-06-15T23:25:09.360828,10,Washer,1.04
2025-06-15T23:26:09.360828,1,HVAC,2.47
2025-06-15T23:27:09.360828,7,Lighting,3.98
2025-06-15T23:28:09.360828,7,Dryer,3.7
2025-06-15T23:29:09.360828,5,Washer,1.78
2025-06-15T23:30:09.360828,3,Refrigerator,2.1
2025-06-15T23:31:09.360828,9,Refrigerator,3.89
2025-06-15T23:32:09.360828,4,Dryer,1.88
2025-06-15T23:33:09.360828,4,HVAC,1.68
2025-06-15T23:34:09.360828,6,Refrigerator,2.7
2025-06-15T23:35:09.360828,7,Dryer,0.55
2025-06-15T23:36:09.360828,1,Lighting,0.46
2025-06-15T23:37:09.360828,6,Lighting,1.17
2025-06-15T23:38:09.360828,1,HVAC,1.69
2025-06-15T23:39:09.360828,8,HVAC,2.18
2025-06-15T23:40:09.360828,3,Lighting,2.78
2025-06-15T23:41:09.360828,5,Dryer,0.91
2025-06-15T23:42:09.360828,1,HVAC,4.94
2025-06-15T23:43:09.360828,4,Lighting,2.99
2025-06-15T23:44:09.360828,5,HVAC,3.75
2025-06-15T23:45:09.360828,3,Washer,3.06
2025-06-15T23:46:09.360828,9,Lighting,3.73
2025-06-15T23:47:09.360828,5,Lighting,1.85
2025-06-15T23:48:09.360828,4,Dryer,4.14
2025-06-15T23:49:09.360828,2,Dryer,2.77
2025-06-15T23:50:09.360828,9,Lighting,3.87
2025-06-15T23:51:09.360828,3,HVAC,1.68
2025-06-15T23:52:09.360828,9,Refrigerator,1.27
2025-06-15T23:53:09.360828,4,Washer,3.76
2025-06-15T23:54:09.360828,3,Washer,3.17
2025-06-15T23:55:09.360828,5,Washer,1.29
2025-06-15T23:56:09.360828,3,Refrigerator,4.53
2025-06-15T23:57:09.360828,3,Refrigerator,1.79
2025-06-15T23:58:09.360828,7,Lighting,3.09
2025-06-15T23:59:09.360828,9,Lighting,4.25
2025-06-16T00:00:09.360828,7,Refrigerator,1.65
2025-06-16T00:01:09.360828,5,Refrigerator,2.81
2025-06-16T00:02:09.360828,8,Lighting,0.5
2025-06-16T00:03:09.360828,8,Lighting,0.97
2025-06-16T00:04:09.360828,3,Dryer,1.95
2025-06-16T00:05:09.360828,5,Washer,2.11
2025-06-16T00:06:09.360828,8,HVAC,4.62
2025-06-16T00:07:09.360828,5,HVAC,3.02
2025-06-16T00:08:09.360828,8,Washer,2.08
2025-06-16T00:09:09.360828,8,Lighting,3.31
2025-06-16T00:10:09.360828,1,Dryer,2.56
2025-06-16T00:11:09.360828,7,Washer,2.31
2025-06-16T00:12:09.360828,4,Lighting,0.35
2025-06-16T00:13:09.360828,1,Refrigerator,2.64
2025-06-16T00:14:09.360828,2,Dryer,3.83
2025-06-16T00:15:09.360828,4,Lighting,3.62
2025-06-16T00:16:09.360828,1,Refrigerator,3.5
2025-06-16T00:17:09.360828,4,Dryer,4.42
2025-06-16T00:18:09.360828,3,Dryer,3.23
2025-06-16T00:19:09.360828,3,Refrigerator,4.88
2025-06-16T00:20:09.360828,9,HVAC,2.78
2025-06-16T00:21:09.360828,2,Dryer,2.92
2025-06-16T00:22:09.360828,4,Dryer,2.7
2025-06-16T00:23:09.360828,10,Washer,3.84
2025-06-16T00:24:09.360828,4,Dryer,2.27
2025-06-16T00:25:09.360828,4,HVAC,0.88
2025-06-16T00:26:09.360828,6,Dryer,2.04
2025-06-16T00:27:09.360828,8,Dryer,3.48
2025-06-16T00:28:09.360828,6,Refrigerator,4.37
2025-06-16T00:29:09.360828,1,Lighting,1.56
2025-06-16T00:30:09.360828,4,Refrigerator,2.6
2025-06-16T00:31:09.360828,10,Refrigerator,3.25
2025-06-16T00:32:09.360828,8,Lighting,1.85
2025-06-16T00:33:09.360828,4,Lighting,4.73
2025-06-16T00:34:09.360828,2,HVAC,3.31
2025-06-16T00:35:09.360828,5,Dryer,4.95
2025-06-16T00:36:09.360828,2,Refrigerator,3.02
2025-06-16T00:37:09.360828,6,Lighting,2.72
2025-06-16T00:38:09.360828,9,Dryer,3.88
2025-06-16T00:39:09.360828,4,Lighting,0.37
2025-06-16T00:40:09.360828,1,HVAC,3.97
2025-06-16T00:41:09.360828,9,HVAC,3.29
2025-06-16T00:42:09.360828,3,Washer,3.57
2025-06-16T00:43:09.360828,3,HVAC,0.7
2025-06-16T00:44:09.360828,1,Dryer,1.84
2025-06-16T00:45:09.360828,3,Lighting,2.16
2025-06-16T00:46:09.360828,10,Lighting,1.43
2025-06-16T00:47:09.360828,3,Washer,3.69
2025-06-16T00:48:09.360828,7,HVAC,3.66
2025-06-16T00:49:09.360828,5,Refrigerator,4.54
2025-06-16T00:50:09.360828,10,Refrigerator,1.51
2025-06-16T00:51:09.360828,10,Dryer,0.63
2025-06-16T00:52:09.360828,10,Refrigerator,4.69
2025-06-16T00:53:09.360828,9,HVAC,0.97
2025-06-16T00:54:09.360828,5,Washer,2.76
2025-06-16T00:55:09.360828,2,HVAC,2.77
2025-06-16T00:56:09.360828,3,Dryer,1.69
2025-06-16T00:57:09.360828,9,HVAC,2.01
2025-06-16T00:58:09.360828,1,Lighting,0.54
2025-06-16T00:59:09.360828,9,HVAC,4.9
2025-06-16T01:00:09.360828,10,Dryer,3.14
2025-06-16T01:01:09.360828,4,HVAC,1.4
2025-06-16T01:02:09.360828,3,HVAC,3.44
2025-06-16T01:03:09.360828,2,Refrigerator,0.28
2025-06-16T01:04:09.360828,9,Dryer,0.64
2025-06-16T01:05:09.360828,2,Lighting,2.08
2025-06-16T01:06:09.360828,10,Refrigerator,0.24
2025-06-16T01:07:09.360828,4,Washer,0.37
2025-06-16T01:08:09.360828,2,Washer,3.64
2025-06-16T01:09:09.360828,7,Dryer,3.98
2025-06-16T01:10:09.360828,8,HVAC,1.96
2025-06-16T01:11:09.360828,10,Dryer,3.9
2025-06-16T01:12:09.360828,5,HVAC,0.44
2025-06-16T01:13:09.360828,3,Dryer,4.84
2025-06-16T01:14:09.360828,10,Dryer,1.92
2025-06-16T01:15:09.360828,6,Dryer,2.24
2025-06-16T01:16:09.360828,9,Dryer,2.6
2025-06-16T01:17:09.360828,10,Lighting,2.31
2025-06-16T01:18:09.360828,4,Lighting,4.46
2025-06-16T01:19:09.360828,6,Dryer,4.04
2025-06-16T01:20:09.360828,6,Washer,4.94
2025-06-16T01:21:09.360828,8,Lighting,4.09
2025-06-16T01:22:09.360828,9,Refrigerator,4.91
2025-06-16T01:23:09.360828,1,HVAC,1.98
2025-06-16T01:24:09.360828,9,Lighting,1.48
2025-06-16T01:25:09.360828,1,Dryer,3.79
2025-06-16T01:26:09.360828,1,Refrigerator,4.95
2025-06-16T01:27:09.360828,5,Washer,2.49
2025-06-16T01:28:09.360828,3,Lighting,0.16
2025-06-16T01:29:09.360828,10,Lighting,4.35
2025-06-16T01:30:09.360828,6,HVAC,1.01
2025-06-16T01:31:09.360828,4,Lighting,2.33
2025-06-16T01:32:09.360828,4,Lighting,3.88
2025-06-16T01:33:09.360828,4,Refrigerator,0.69
2025-06-16T01:34:09.360828,4,Refrigerator,3.64
